<?xml version="1.0" encoding="UTF-8"?>
<project version="4">
  <component name="ChangeListManager">
    <list default="true" id="df5ee19f-2bad-49bd-bb0c-4a605ccf6744" name="Default Changelist" comment="" />
    <option name="SHOW_DIALOG" value="false" />
    <option name="HIGHLIGHT_CONFLICTS" value="true" />
    <option name="HIGHLIGHT_NON_ACTIVE_CHANGELIST" value="false" />
    <option name="LAST_RESOLUTION" value="IGNORE" />
  </component>
  <component name="FileTemplateManagerImpl">
    <option name="RECENT_TEMPLATES">
      <list>
        <option value="Python Script" />
        <option value="HTML File" />
      </list>
    </option>
  </component>
  <component name="FindInProjectRecents">
    <findStrings>
      <find>100</find>
      <find>route1</find>
      <find>view</find>
      <find>card</find>
      <find>add</find>
    </findStrings>
    <replaceStrings>
      <replace>86</replace>
    </replaceStrings>
  </component>
  <component name="ProjectId" id="1qsjy6m04XdC6ZehIeS6vUYs1YA" />
  <component name="ProjectViewState">
    <option name="hideEmptyMiddlePackages" value="true" />
    <option name="showLibraryContents" value="true" />
  </component>
  <component name="PropertiesComponent">
    <property name="DefaultHtmlFileTemplate" value="HTML File" />
    <property name="RunOnceActivity.OpenProjectViewOnStart" value="true" />
    <property name="RunOnceActivity.ShowReadmeOnStart" value="true" />
    <property name="last_opened_file_path" value="F:/RailwayReservationDjango/2updated/RailwayReservationDjango" />
  </component>
  <component name="RecentsManager">
    <key name="CopyFile.RECENT_KEYS">
      <recent name="C:\Users\BHUWAN BHASKAR\Desktop\Busmanagment\bus\templates" />
      <recent name="C:\Users\hp\Desktop\Busmanagment\bus" />
    </key>
  </component>
  <component name="SpellCheckerSettings" RuntimeDictionaries="0" Folders="0" CustomDictionaries="0" DefaultDictionary="application-level" UseSingleDictionary="true" transferred="true" />
  <component name="SvnConfiguration">
    <configuration />
  </component>
  <component name="TaskManager">
    <task active="true" id="Default" summary="Default task">
      <changelist id="df5ee19f-2bad-49bd-bb0c-4a605ccf6744" name="Default Changelist" comment="" />
      <created>1576236503358</created>
      <option name="number" value="Default" />
      <option name="presentableId" value="Default" />
      <updated>1576236503358</updated>
    </task>
    <servers />
  </component>
</project>